Method,Name,Error,Occurrences,First Seen,Last Seen
GET,/works/{cnw},CatchResponseError('detail took 4.3s'),4,2026-09-25T07:58:39Z,2026-09-25T07:58:39Z
GET,/works/{cnw},CatchResponseError('detail took 4.6s'),4,2026-09-25T07:58:39Z,2026-09-25T07:58:39Z
GET,/works/{cnw},CatchResponseError('detail took 3.7s'),3,2026-09-25T07:58:38Z,2026-09-25T07:58:39Z
GET,/works/{cnw},CatchResponseError('detail took 3.4s'),2,2026-09-25T07:58:38Z,2026-09-25T07:58:38Z
GET,/works/{cnw},CatchResponseError('detail took 2.3s'),1,2026-09-25T07:58:37Z,2026-09-25T07:58:37Z
GET,/works/{cnw},CatchResponseError('detail took 4.8s'),8,2026-09-25T07:58:40Z,2026-09-25T07:58:40Z
GET,/works/{cnw},CatchResponseError('detail took 4.4s'),3,2026-09-25T07:58:39Z,2026-09-25T07:58:39Z
GET,/works/{cnw},CatchResponseError('detail took 3.2s'),3,2026-09-25T07:58:38Z,2026-09-25T07:58:38Z
GET,/works/{cnw},CatchResponseError('detail took 3.5s'),4,2026-09-25T07:58:38Z,2026-09-25T07:58:38Z
GET,/works/{cnw},CatchResponseError('detail took 4.9s'),2,2026-09-25T07:58:40Z,2026-09-25T07:58:40Z
GET,/works/{cnw},CatchResponseError('detail took 4.0s'),3,2026-09-25T07:58:39Z,2026-09-25T07:58:39Z
GET,/works/{cnw},CatchResponseError('detail took 4.7s'),5,2026-09-25T07:58:40Z,2026-09-25T07:58:40Z
GET,/works/{cnw},CatchResponseError('detail took 3.9s'),6,2026-09-25T07:58:39Z,2026-09-25T07:58:39Z
GET,/works/{cnw},CatchResponseError('detail took 3.8s'),6,2026-09-25T07:58:39Z,2026-09-25T07:58:39Z
GET,/works/{cnw},CatchResponseError('detail took 3.6s'),6,2026-09-25T07:58:38Z,2026-09-25T07:58:38Z
GET,/works/{cnw},CatchResponseError('detail took 2.2s'),2,2026-09-25T07:58:37Z,2026-09-25T07:58:37Z
GET,/works/{cnw},CatchResponseError('detail took 4.1s'),2,2026-09-25T07:58:39Z,2026-09-25T07:58:39Z
GET,/works/{cnw},CatchResponseError('detail took 3.3s'),4,2026-09-25T07:58:38Z,2026-09-25T07:58:38Z
