Type,Name,Request Count,Failure Count,Median Response Time,Average Response Time,Min Response Time,Max Response Time,Average Content Size,Requests/s,Failures/s,50%,66%,75%,80%,90%,95%,98%,99%,99.9%,99.99%,100%
GET,/composers,25940,0,380,374.8544796876327,1.5486999764107168,2889.3091000500135,62106.0,86.57562150319974,0.0,380,430,470,480,520,550,590,610,2100,2700,2900
GET,/facets,1399,0,410,414.7311771260471,6.314099999144673,2504.9278999795206,5588.0,4.669209502042269,0.0,410,450,480,490,540,560,590,630,2300,2500,2500
GET,/health,38953,0,380,372.5336028547711,1.1610999936237931,2849.7069999575615,91.0,130.0069461994657,0.0,380,430,470,480,520,550,590,620,2100,2700,2800
GET,/search,5523,0,410,423.25602163663,6.172700028400868,2719.4101000204682,3104.298207495926,18.43319805559646,0.0,410,460,480,500,540,570,620,660,2500,2700,2700
GET,/works/{cnw},13737,91,410,416.5549757148453,1.4937000232748687,2920.6440999987535,443.96207323287473,45.84769902041075,0.303715557316545,410,450,480,490,530,560,610,660,2500,2900,2900
GET,/works/{cnw} (api),64655,0,380,373.57395394473366,1.4087999588809907,2886.453600018285,443.493202381873,215.78823470660677,0.0,380,430,470,480,520,550,590,620,2200,2600,2900
GET,/works?all,1346,0,440,451.06808365491133,21.9543999992311,2721.941199968569,441807.0,4.492320221407358,0.0,440,490,510,520,560,590,630,700,2700,2700,2700
GET,/works?catalogue=,991,0,410,433.89996619496634,5.78270002733916,2888.9051000005566,11788.936427850656,3.3074957945131436,0.0,410,460,480,500,540,580,640,2200,2900,2900,2900
GET,/works?genre=,983,0,410,419.19251698862035,5.722299974877387,2904.7302000108175,3292.4516785350966,3.2807955257380628,0.0,410,460,480,500,530,570,600,630,2900,2900,2900
GET,/works?key=,1043,0,400,417.70365292369144,4.54549997812137,2720.288700016681,6863.458293384468,3.4810475415511695,0.0,400,450,470,490,530,560,610,670,2600,2700,2700
GET,/works?meter=,991,0,410,424.71336225990075,2.5172000168822706,2554.367100005038,6104.194752774974,3.3074957945131436,0.0,410,460,490,500,540,560,610,660,2600,2600,2600
GET,/works?paged,2828,0,410,419.6986502477826,7.44939997093752,2888.942399993539,4845.468528995757,9.43854501199109,0.0,410,450,480,490,530,570,600,650,2700,2900,2900
,Aggregated,158389,91,390,382.10469564986755,1.1610999936237931,2920.6440999987535,14589.473644003056,528.6286088770356,0.303715557316545,390,440,470,490,520,560,590,630,2300,2700,2900
