cnw,work_iri,title,source,target_id,target_label,is_match,note
126,https://cnw-ld.org/work/CNW126,Æbleblomst,musicbrainz,https://musicbrainz.org/work/18750f36-05ac-4216-8343-addcc8df058b,"Æbleblomst, op. 10 no. 1",TRUE,Verified 18 Aug 2026
128,https://cnw-ld.org/work/CNW128,Sommersang,musicbrainz,https://musicbrainz.org/work/792daecd-341b-4cac-9568-ab55f4fb480d,"Sommersang, op. 10 no. 3",TRUE,Verified 18 Aug 2026
129,https://cnw-ld.org/work/CNW129,I solen går jeg bag min plov,musicbrainz,https://musicbrainz.org/work/3f8a50c3-bfcc-4b74-9f33-e80534c6e7f8,"I solen går jeg bag min plov, CNW 129",TRUE,Verified 18 Aug 2026
130,https://cnw-ld.org/work/CNW130,I Aften,musicbrainz,https://musicbrainz.org/work/011f8e6e-2951-4c47-a552-4ecb5cf651df,I aften,TRUE,Verified 18 Aug 2026
2,https://cnw-ld.org/work/CNW2,Komisk opera i tre akter,musicbrainz,https://musicbrainz.org/work/194cd716-d21f-4966-bc4f-e12fed65d102,"Maskarade, FS 39",TRUE,Verified 18 Aug 2026
2,https://cnw-ld.org/work/CNW2,Komisk opera i tre akter,wikidata,http://www.wikidata.org/entity/Q1977730,Maskarade,TRUE,Verified 18 Aug 2026
205,https://cnw-ld.org/work/CNW205,Hjemvee (multiple versions),musicbrainz,https://musicbrainz.org/work/ae8cebc4-5bbd-40b7-a8ed-53863d0cb8ae,Underlige aftenlufte,TRUE,Verified 18 Aug 2026
205,https://cnw-ld.org/work/CNW205,Hjemvee (multiple versions),wikidata,http://www.wikidata.org/entity/Q22137054,Underlige aftenlufte,TRUE,Verified 18 Aug 2026
2,https://cnw-ld.org/work/CNW2,Komisk opera i tre akter,musicbrainz,https://musicbrainz.org/artist/23b06740-66c9-41e6-b2ea-9f11a2f50e36,Maskarade (artist),FALSE,"Identical title but a modern DJ, not Nielsen's opera"
2,https://cnw-ld.org/work/CNW2,Komisk opera i tre akter,musicbrainz,https://musicbrainz.org/work/b1e8b999-5bc4-490e-b133-3af766c0b224,"Maskarade, FS 39: Act I",FALSE,"HARD NEGATIVE - a part of the work, not the work itself (granularity trap)"
2,https://cnw-ld.org/work/CNW2,Komisk opera i tre akter,musicbrainz,https://musicbrainz.org/work/ab346730-eb18-4960-9510-2377bbd3145a,"Maskarade, FS 39: Act III",FALSE,"HARD NEGATIVE - a part of the work, not the work itself (granularity trap)"
