engine,factor,triples,query,results,n,median_ms,mean_ms,sd_ms,ci95_ms,p95_ms,min_ms,max_ms,cv_pct
rdflib,1,633,Q1_point_lookup,3,30,2.464,2.642,0.985,0.368,4.91,1.564,5.499,37.3
rdflib,1,633,Q2_selective_filter,3,30,6.781,6.675,0.995,0.372,8.305,4.839,8.475,14.9
rdflib,1,633,Q3_full_listing,7,30,5.677,5.742,0.704,0.263,7.027,4.662,7.461,12.3
rdflib,1,633,Q4_aggregate,4,30,3.516,4.166,2.9,1.083,5.259,3.165,19.35,69.6
rdflib,1,633,Q5_join_incipit_page,2,30,6.357,6.6,0.712,0.266,7.627,5.544,8.655,10.8
rdflib,10,6123,Q1_point_lookup,3,30,1.801,1.928,0.671,0.251,2.394,1.422,5.178,34.8
rdflib,10,6123,Q2_selective_filter,22,30,7.383,7.549,0.617,0.231,8.865,6.693,9.586,8.2
rdflib,10,6123,Q3_full_listing,70,30,14.268,14.277,0.815,0.304,15.477,13.299,16.894,5.7
rdflib,10,6123,Q4_aggregate,7,30,5.391,5.638,0.769,0.287,6.913,4.585,7.812,13.6
rdflib,10,6123,Q5_join_incipit_page,20,30,11.521,11.827,0.88,0.328,13.508,10.832,14.193,7.4
rdflib,100,61023,Q1_point_lookup,3,30,3.328,3.257,0.765,0.285,4.198,1.765,4.378,23.5
rdflib,100,61023,Q2_selective_filter,170,30,28.477,30.74,5.101,1.904,42.074,25.579,44.679,16.6
rdflib,100,61023,Q3_full_listing,700,30,100.415,104.849,14.404,5.378,150.497,96.868,160.418,13.7
rdflib,100,61023,Q4_aggregate,7,30,14.159,14.427,0.627,0.234,15.692,13.72,16.413,4.3
rdflib,100,61023,Q5_join_incipit_page,200,30,45.337,45.572,1.357,0.507,48.366,43.189,49.043,3.0
